feature_id,feature_name,upstream_sha,subfeature,platform,upstream_status,implementation_paths,license_class,track,external_dependency,acceptance_test,evidence,status,owner
P01,Managed cloud,89d1161c56299ccd5c2b647cedce7d820ea6fd07,Hosting & Cloud Ops,All,External service,handbook/company/pricing-features-table.yml,N/A,Track A,Cloud provider / MSP,Backup restoration and SLA compliance,N/A,external-service,meshmdm-ops
P02,Multi-tenancy,89d1161c56299ccd5c2b647cedce7d820ea6fd07,MSP Isolation,All,Premium,server/service/teams.go;ee/server/service/teams.go,EE,Track A,None,Verify cross-tenant read/write isolation,Automated unit & integration tests,implemented,meshmdm-core
P03,Private update registry,89d1161c56299ccd5c2b647cedce7d820ea6fd07,TUF Registry,macOS;Windows;Linux,Premium,server/service/updates.go;ee/server/service/updates.go,EE,Track A,TUF/Notary server,Authenticated agent download & key rotation,TUF verification tests,implemented,meshmdm-sec
P04,Control agent versions,89d1161c56299ccd5c2b647cedce7d820ea6fd07,Staged Rollout & Rollback,macOS;Windows;Linux,Premium,orbit/pkg/update;server/service/hosts.go,EE,Track A,Update channel,Assign cohort version and verify rollback,Cohort test pass,implemented,meshmdm-agent
P05,Two-factor authentication,89d1161c56299ccd5c2b647cedce7d820ea6fd07,TOTP Enrolment & Bypass Denial,All,Premium,server/service/users.go;ee/server/service/users.go,EE,Track A,Authenticator App,Enforce 2FA on sign-in and recovery drill,Auth tests pass,implemented,meshmdm-auth
P06,Role-based access control,89d1161c56299ccd5c2b647cedce7d820ea6fd07,Global & Team Roles,All,Premium,server/contexts/viewer;server/authz;ee/server/service/role_test.go,EE,Track A,None,Test API and UI denial across teams and roles,Authz test suites pass,implemented,meshmdm-auth
P07,Audit logging,89d1161c56299ccd5c2b647cedce7d820ea6fd07,Administrative Audit Trail,All,Premium,server/service/activities.go;ee/server/service/activities.go,EE,Track A,Log forwarder / MySQL,Verify actor, target, timestamp, and redaction,Activity log verification,implemented,meshmdm-sec
P08,MDM migration,89d1161c56299ccd5c2b647cedce7d820ea6fd07,Profile Re-enrollment,macOS;Windows,Premium,server/mdm/apple;server/mdm/windows;server/service/mdm.go,EE,Track A,APNs / Windows Intune or MDM,Migrate test host and verify profile handover,MDM migration fixture pass,implemented,meshmdm-mdm
P09,Zero-touch setup,89d1161c56299ccd5c2b647cedce7d820ea6fd07,Automated Device Enrollment,macOS;iOS;iPadOS,Premium,server/mdm/apple/dep;server/service/mdm_apple.go,EE,Track A,Apple Business Manager,Fresh unbox enrollment into setup assistant,ABM DEP sync pass,implemented,meshmdm-mdm
P10,Fully-managed for employee-issued Android,89d1161c56299ccd5c2b647cedce7d820ea6fd07,Android Enterprise Device Owner,Android,Premium,server/mdm/android;ee/server/service/android.go,EE,Track A,Google Enterprise Android API,Enroll device in device-owner mode and test wipe,Android integration tests,implemented,meshmdm-mdm
P11,Account-based user enrollment for iOS/iPadOS,89d1161c56299ccd5c2b647cedce7d820ea6fd07,BYOD Partitioning,iOS;iPadOS;macOS,Premium,server/mdm/apple/declarative;server/service/mdm_apple.go,EE,Track A,Managed Apple IDs,Enroll via Settings app with work partition,Apple User Enrollment pass,implemented,meshmdm-mdm
P12,User account sync,89d1161c56299ccd5c2b647cedce7d820ea6fd07,Local Account Directory Sync,macOS;Windows,Premium,server/service/host_users.go;ee/server/service/users.go,EE,Track A,IdP directory,Sync updated attributes and verify offline login,User sync test pass,implemented,meshmdm-idp
P13,Account creation & password sync,89d1161c56299ccd5c2b647cedce7d820ea6fd07,Passcode / Account Provisioning,macOS,Experimental,server/mdm/apple/account;ee/server/service/setup_experience.go,EE,Track A,IdP credentials,Test initial creation and password rotation,Experimental Mac account pass,implemented,meshmdm-idp
P14,Human-endpoint mapping (IdP groups),89d1161c56299ccd5c2b647cedce7d820ea6fd07,Group-based Device Assignment,All,Premium,server/service/idp.go;ee/server/service/idp.go,EE,Track A,IdP SCIM/SAML,Assign group to device and confirm stale eviction,IdP group mapping pass,implemented,meshmdm-idp
P15,Targeted device scoping,89d1161c56299ccd5c2b647cedce7d820ea6fd07,Dynamic Labels & Team Scope,macOS;Windows;Linux,Premium,server/service/labels.go;server/service/teams.go,EE,Track A,None,Verify query and policy targeting per label,Label scoping test pass,implemented,meshmdm-core
P16,Enforce disk encryption,89d1161c56299ccd5c2b647cedce7d820ea6fd07,FileVault & BitLocker Escrow,macOS;Windows,Premium,server/service/disk_encryption.go;ee/server/service/disk_encryption.go,EE,Track A,KMS / Escrow storage,Trigger encryption and retrieve key in recovery drill,Escrow & key retrieval pass,implemented,meshmdm-sec
P17,Recovery lock passcodes,89d1161c56299ccd5c2b647cedce7d820ea6fd07,Apple Recovery Lock,macOS,Premium,server/mdm/apple;ee/server/service/apple_mdm.go,EE,Track A,Apple Silicon Mac,Set recovery passcode and unlock in recovery OS,Recovery lock drill pass,implemented,meshmdm-mdm
P18,Enforce operating system (OS) updates,89d1161c56299ccd5c2b647cedce7d820ea6fd07,DDM / DUS & Windows Update,macOS;iOS;iPadOS;Windows,Premium,server/mdm/apple/declarative;server/service/os_updates.go,EE,Track A,OS Update catalogs,Set deadline, deferral, and verify update completion,Update enforcement pass,implemented,meshmdm-mdm
P19,Conditional access,89d1161c56299ccd5c2b647cedce7d820ea6fd07,Zero Trust IdP Signals,macOS;Windows;Linux,Premium,server/service/conditional_access.go;ee/server/service/conditional_access.go,EE,Track A,Okta / Entra ID,Test compliant vs non-compliant device sign-in blocking,IdP partner webhook pass,implemented,meshmdm-sec
P20,Application deployment,89d1161c56299ccd5c2b647cedce7d820ea6fd07,Automated App Install & Retry,macOS;Windows;Linux,Experimental,server/service/software_installers.go;ee/server/service/software_installers.go,EE,Track A,S3 / Storage bucket,Upload PKG/EXE/DEB and verify install completion,App deployment test pass,implemented,meshmdm-sw
P21,Self-service application installation,89d1161c56299ccd5c2b647cedce7d820ea6fd07,Fleet Desktop Portal,macOS;Windows;Linux,Experimental,orbit/pkg/desktop;ee/server/service/software_installers.go,EE,Track A,Storage backend,Install app from Fleet Desktop tray and monitor progress,Desktop self-service pass,implemented,meshmdm-sw
P22,Application management,89d1161c56299ccd5c2b647cedce7d820ea6fd07,Lifecycle & Removal,macOS;Windows;Linux,Premium,server/service/software.go;ee/server/service/software.go,EE,Track A,Storage backend,Test application upgrade and uninstallation,Software lifecycle pass,implemented,meshmdm-sw
P23,Device remediation,89d1161c56299ccd5c2b647cedce7d820ea6fd07,Policy Automation & Scripts,macOS;Windows;Linux,Premium,server/service/policies.go;ee/server/service/policies.go,EE,Track A,Agent runner,Trigger failing policy and verify self-healing script,Remediation script pass,implemented,meshmdm-core
P24,Maintenance windows,89d1161c56299ccd5c2b647cedce7d820ea6fd07,Calendar-bound Remediation,macOS;Windows,Experimental,server/service/calendar.go;ee/server/service/calendar.go,EE,Track A,Google/Outlook Calendar,Run updates only inside calendar maintenance window,Calendar window pass,implemented,meshmdm-core
P25,Send lock and wipe commands,89d1161c56299ccd5c2b647cedce7d820ea6fd07,Remote Lock & Remote Wipe,macOS;Windows;Linux;iOS;Android,Premium,server/service/host_actions.go;ee/server/service/host_actions.go,EE,Track A,MDM & Orbit,Execute lock/wipe command on disposable test host,Lock & wipe verification pass,implemented,meshmdm-mdm
P26,Custom tables,89d1161c56299ccd5c2b647cedce7d820ea6fd07,Osquery Extensions,macOS;Windows;Linux,Premium,server/service/osquery_options.go;ee/server/service/custom_tables.go,EE,Track A,Extension binaries,Load custom extension table and query from console,Custom table query pass,implemented,meshmdm-agent
P27,Fleets,89d1161c56299ccd5c2b647cedce7d820ea6fd07,Team Partitioning & Config,All,Premium,server/service/teams.go;ee/server/service/teams.go,EE,Track A,None,Move device across teams and verify updated policies,Team partition pass,implemented,meshmdm-core
P28,Report on groups of devices,89d1161c56299ccd5c2b647cedce7d820ea6fd07,Team-scoped Reporting & Export,All,Premium,server/service/reports.go;ee/server/service/reports.go,EE,Track A,None,Run report and export CSV restricted to team,Report scoping pass,implemented,meshmdm-core
P29,Vulnerability scores,89d1161c56299ccd5c2b647cedce7d820ea6fd07,CVSS & EPSS Enrichment,macOS;Windows;Linux,Premium,server/service/vulnerabilities.go;ee/server/service/vulnerabilities.go,EE,Track A,NVD / EPSS feed,Verify score computation and CVE filtering in UI,Vuln scoring pass,implemented,meshmdm-sec
P30,CISA KEVs,89d1161c56299ccd5c2b647cedce7d820ea6fd07,Known Exploited Vulnerabilities,macOS;Windows;Linux,Premium,server/vulnerabilities/cisa;server/service/cisa.go,EE,Track A,CISA catalog feed,Import KEV JSON and verify host attribution badge,CISA matching pass,implemented,meshmdm-sec
P31,Asset discovery,89d1161c56299ccd5c2b647cedce7d820ea6fd07,External Discovered Hosts,Network/Cloud,Premium,server/service/discovered_assets.go;ee/server/service/discovered_assets.go,EE,Track A,Discovery crawlers,Import discovered asset list and verify deduplication,Discovery reconciliation pass,implemented,meshmdm-sec
P32,Automatic user creation (JIT, SCIM),89d1161c56299ccd5c2b647cedce7d820ea6fd07,SAML JIT & SCIM v2,All,Premium,server/service/scim.go;ee/server/service/scim.go,EE,Track A,Okta / Entra SCIM,Provision admin via SCIM and deprovision on sync,SCIM integration pass,implemented,meshmdm-idp
P33,Deploy certificates,89d1161c56299ccd5c2b647cedce7d820ea6fd07,SCEP / ACME CA Profiles,macOS;iOS;iPadOS;Windows,Experimental,server/mdm/scep;server/service/certificates.go,EE,Track A,SCEP CA / Digicert / Smallstep,Deliver SCEP payload and verify device certificate,Cert issuance pass,implemented,meshmdm-mdm
P34,Third-party orchestration,89d1161c56299ccd5c2b647cedce7d820ea6fd07,Webhooks & Automation API,All,Premium,server/service/webhooks.go;ee/server/service/webhooks.go,EE,Track A,Tines / Torq / Splunk,Trigger policy failure and verify webhook payload delivery,Webhook contract pass,implemented,meshmdm-core
P35,Munki compatibility + visibility,89d1161c56299ccd5c2b647cedce7d820ea6fd07,Munki Reporting,macOS,Premium,server/service/munki.go;frontend/pages/hosts/details/MunkiSection,EE,Track A,Munki client on Mac,Inspect installed Munki packages and manage coexistence,Munki reporting pass,implemented,meshmdm-sw
P36,Unlimited email support (confidential),89d1161c56299ccd5c2b647cedce7d820ea6fd07,Support Operations,All,External service,handbook/company/pricing-features-table.yml,N/A,Track A,Ticketing system / Zendesk,Test confidential intake and escalation workflow,N/A,external-service,meshmdm-support
P37,Phone and video call support,89d1161c56299ccd5c2b647cedce7d820ea6fd07,Support Operations,All,External service,handbook/company/pricing-features-table.yml,N/A,Track A,Scheduling system / Zoom,Test priority scheduling and screen share protocol,N/A,external-service,meshmdm-support
